shot_id,x,y,distance,player,player_num,player_pos,team,vs,season,league,round,venue,won,points,made,assisted,is_open,blocked,kind,quarter,time_rem,time_elapsed,deficit,pts_scored
1,891.667656160318,-967.794316166736,8.16316,Marvin Lee,9,PG,UST,UP,Season 80,UAAP,Round 1,MOA Arena,f,3,1,1,0,0,catch-and-shoot,1,9.76667,0.23333,0,3
2,881.350710417284,-387.714549264711,2.57801,Jun Manzo,13,PG,UP,UST,Season 80,UAAP,Round 1,MOA Arena,t,2,1,1,0,0,lay-up,1,9.51667,0.483330000000001,-3,2
3,906.233790364055,-223.865968376237,1.63022,Jordan Sta. Ana,7,SG,UST,UP,Season 80,UAAP,Round 1,MOA Arena,f,2,1,1,0,0,lay-up,1,9.35,0.65,1,2
4,999.639480944072,-115.555664716372,2.49198,Kyles Lao,4,SG,UP,UST,Season 80,UAAP,Round 1,MOA Arena,t,2,1,1,0,0,lay-up,1,9.06667,0.93333,-3,2
5,608.072479185712,-80.6370523887908,1.68438,Steve Akomo,0,C,UST,UP,Season 80,UAAP,Round 1,MOA Arena,f,2,1,1,0,0,lay-up,1,8.4,1.6,1,2
6,1417.25681967254,-485.064149120453,7.36417,Paul Desiderio,18,PG,UP,UST,Season 80,UAAP,Round 1,MOA Arena,t,3,0,0,0,0,pull-up,1,8.13333,1.86667,-3,0
7,864.510401469501,-140.816589828945,1.11735,Kyles Lao,4,SG,UP,UST,Season 80,UAAP,Round 1,MOA Arena,t,2,0,0,0,1,lay-up,1,8.03333,1.96667,-3,0
8,1350.98730360198,-628.851331444074,7.56451,Marvin Lee,9,PG,UST,UP,Season 80,UAAP,Round 1,MOA Arena,f,3,0,0,0,0,catch-and-shoot,1,7.85,2.15,3,0
11,713.80711391383,-537.450950109624,3.7671,Noah Webb,25,SF,UP,UST,Season 80,UAAP,Round 1,MOA Arena,t,2,0,0,0,0,pull-up,1,7.26667,2.73333,-3,0
12,879.862272075328,-150.927764628022,1.25445,Justin Arana,16,F,UST,UP,Season 80,UAAP,Round 1,MOA Arena,f,2,1,0,0,0,lay-up,1,6.96667,3.03333,3,2
13,1464.86059723015,-165.192187154137,7.09864,Noah Webb,25,SF,UP,UST,Season 80,UAAP,Round 1,MOA Arena,t,3,0,0,0,0,catch-and-shoot,1,6.6,3.4,-5,0
14,343.739964950304,-544.633857233174,5.61052,Noah Webb,25,SF,UP,UST,Season 80,UAAP,Round 1,MOA Arena,t,2,0,0,0,0,catch-and-shoot,1,6.13333,3.86667,-5,0
15,489.782065050556,-477.610837056676,4.11486,Steve Akomo,0,C,UST,UP,Season 80,UAAP,Round 1,MOA Arena,f,2,1,0,0,0,pull-up,1,5.86667,4.13333,5,2
16,841.817067537196,-360.500404461754,2.1574,Marvin Lee,9,PG,UST,UP,Season 80,UAAP,Round 1,MOA Arena,f,2,1,0,0,0,floater,1,5.66667,4.33333,7,2
17,1293.91624536049,-646.938438855518,7.24311,Christopher Vito,15,PF,UP,UST,Season 80,UAAP,Round 1,MOA Arena,t,3,1,1,1,0,catch-and-shoot,1,5.45,4.55,-9,3
18,873.764993250943,-236.379118335046,1.39605,Jordan Sta. Ana,7,SG,UST,UP,Season 80,UAAP,Round 1,MOA Arena,f,2,1,1,0,0,lay-up,1,5.3,4.7,6,2
19,142.512286575947,-612.310030819092,7.59619,Paul Desiderio,18,PG,UP,UST,Season 80,UAAP,Round 1,MOA Arena,t,3,1,1,1,0,catch-and-shoot,1,4.9,5.1,-8,3
20,612.807089985218,-381.779096350483,2.60927,Regie Basibas,5,PF,UST,UP,Season 80,UAAP,Round 1,MOA Arena,f,2,0,0,0,0,floater,1,4.55,5.45,5,0
24,210.594624957646,-647.507786041144,7.28783,Paul Desiderio,18,PG,UP,UST,Season 80,UAAP,Round 1,MOA Arena,t,3,0,0,0,0,catch-and-shoot,1,4.3,5.7,-4,0
25,860.649461388898,-878.694230552129,7.2345,Jun Manzo,13,PG,UP,UST,Season 80,UAAP,Round 1,MOA Arena,t,3,0,0,0,0,catch-and-shoot,1,3.6,6.4,-4,0
26,796.23883150836,-621.684993673548,4.60535,Marvin Lee,9,PG,UST,UP,Season 80,UAAP,Round 1,MOA Arena,f,2,1,0,0,0,pull-up,1,3.35,6.65,4,2
27,119.032117618142,-511.542347439692,7.25215,Juan Gomez de Liaño,1,SG,UP,UST,Season 80,UAAP,Round 1,MOA Arena,t,3,0,0,0,0,catch-and-shoot,1,3.05,6.95,-6,0
28,1134.16799801047,-335.224902694311,4.16449,Marvin Lee,9,PG,UST,UP,Season 80,UAAP,Round 1,MOA Arena,f,2,1,0,0,0,pull-up,1,2.86667,7.13333,6,2
29,57.0158718283715,-250.811689613232,7.03486,Jun Manzo,13,PG,UP,UST,Season 80,UAAP,Round 1,MOA Arena,t,3,0,0,0,0,catch-and-shoot,1,2.61667,7.38333,-8,0
30,400.276180019398,-851.320060093815,7.74347,Paul Desiderio,18,PG,UP,UST,Season 80,UAAP,Round 1,MOA Arena,t,3,0,0,0,0,catch-and-shoot,1,2.08333,7.91667,-8,0
31,1044.40537789831,-34.8303497249037,3.16517,Javi Gomez de Liaño,6,PF,UP,UST,Season 80,UAAP,Round 1,MOA Arena,t,2,1,1,0,0,lay-up,1,2,8,-8,2
33,809.271727035588,-749.157418493159,5.88665,Enrique Caunan Jr.,11,F,UST,UP,Season 80,UAAP,Round 1,MOA Arena,f,2,0,0,0,0,catch-and-shoot,1,1.4,8.6,5,0
34,726.322298557206,-137.236009695666,0.385512,Christopher Vito,15,PF,UP,UST,Season 80,UAAP,Round 1,MOA Arena,t,2,0,0,0,0,lay-up,1,1.18333,8.81667,-5,0
35,215.799959049263,-267.036754500868,5.49145,Jeepy Faundo,15,C,UST,UP,Season 80,UAAP,Round 1,MOA Arena,f,2,0,0,0,0,pull-up,1,0.985,9.015,5,0
36,834.940791089686,-274.718065300519,1.37373,Zachary Huang,13,PF,UST,UP,Season 80,UAAP,Round 1,MOA Arena,f,2,0,0,0,0,follow-up,1,0.938333,9.061667,5,0
37,521.15877038247,-317.225628014933,2.8012,Jarrell Lim,12,PG,UP,UST,Season 80,UAAP,Round 1,MOA Arena,t,2,0,0,0,0,lay-up,1,0.79,9.21,-5,0
38,764.095457971899,-209.688752078045,0.475664,Jerson Prado,20,C,UP,UST,Season 80,UAAP,Round 1,MOA Arena,t,2,1,0,0,0,follow-up,1,0.766667,9.233333,-5,2
39,511.287952956068,-73.5633729472918,2.59604,Jeepy Faundo,15,C,UST,UP,Season 80,UAAP,Round 1,MOA Arena,f,2,0,0,0,0,lay-up,1,0.556667,9.443333,3,0
40,1212.72177988304,-382.515515664419,5.07638,Juan Gomez de Liaño,1,SG,UP,UST,Season 80,UAAP,Round 1,MOA Arena,t,2,0,0,0,0,pull-up,1,0.44,9.56,-3,0
41,643.596529289061,-206.456391481516,1.19579,Christopher Vito,15,PF,UP,UST,Season 80,UAAP,Round 1,MOA Arena,t,2,1,1,0,0,lay-up,1,0.15,9.85,-3,2
42,633.747883279515,-566.704663341154,4.21521,Zachary Huang,13,PF,UST,UP,Season 80,UAAP,Round 1,MOA Arena,f,2,0,0,0,0,pull-up,1,0.0166667,9.9833333,1,0
43,114.058692035494,-291.729036162452,6.53839,Juan Gomez de Liaño,1,SG,UP,UST,Season 80,UAAP,Round 1,MOA Arena,t,2,1,1,1,0,catch-and-shoot,2,9.91667,10.08333,-1,2
44,280.526713162337,-338.718088967804,5.0614,Jerson Prado,20,C,UP,UST,Season 80,UAAP,Round 1,MOA Arena,t,2,1,1,1,0,catch-and-shoot,2,9.41667,10.58333,1,2
45,670.887598410596,-165.169513155565,0.841548,Jeepy Faundo,15,C,UST,UP,Season 80,UAAP,Round 1,MOA Arena,f,2,1,0,0,0,follow-up,2,9.18333,10.81667,-3,2
46,708.071493541757,-283.686313537167,1.29955,Christopher Vito,15,PF,UP,UST,Season 80,UAAP,Round 1,MOA Arena,t,2,1,1,0,0,lay-up,2,8.91667,11.08333,1,2
47,532.877311757252,-400.553718780197,3.25589,Zachary Huang,13,PF,UST,UP,Season 80,UAAP,Round 1,MOA Arena,f,2,1,0,0,0,pull-up,2,8.7,11.3,-3,2
48,1292.7871758825,-441.606769090071,6.05901,Zachary Huang,13,PF,UST,UP,Season 80,UAAP,Round 1,MOA Arena,f,2,1,0,0,0,pull-up,2,8.31667,11.68333,-1,2
49,870.67468994819,-507.971074525872,3.64323,Jarrell Lim,12,PG,UP,UST,Season 80,UAAP,Round 1,MOA Arena,t,2,1,0,0,0,pull-up,2,8.03333,11.96667,-1,2
50,679.270318190868,-155.120020581865,0.760884,Jeepy Faundo,15,C,UST,UP,Season 80,UAAP,Round 1,MOA Arena,f,2,0,0,1,0,dunk,2,7.83333,12.16667,-1,0
51,657.195648348479,-46.6278767709809,1.51631,Jordan Sta. Ana,7,SG,UST,UP,Season 80,UAAP,Round 1,MOA Arena,f,2,0,0,0,0,lay-up,2,7.7,12.3,-1,0
54,706.252264365858,-289.085988364209,1.35648,Jon Macasaet,21,C,UST,UP,Season 80,UAAP,Round 1,MOA Arena,f,2,0,0,0,0,floater,2,7.43333,12.56667,-3,0
55,359.620093168732,-952.261218820259,8.83203,Zachary Huang,13,PF,UST,UP,Season 80,UAAP,Round 1,MOA Arena,f,3,0,0,0,0,pull-up,2,7.13333,12.86667,-3,0
56,911.732044175351,-265.337997903759,1.87458,Javi Gomez de Liaño,6,PF,UP,UST,Season 80,UAAP,Round 1,MOA Arena,t,2,0,0,0,0,lay-up,2,7.01667,12.98333,3,0
57,1014.57565444659,-135.429118077916,2.60983,Zachary Huang,13,PF,UST,UP,Season 80,UAAP,Round 1,MOA Arena,f,2,1,1,0,0,catch-and-shoot,2,6.76667,13.23333,-3,2
58,803.761605590149,-324.353464484251,1.69039,Jarrell Lim,12,PG,UP,UST,Season 80,UAAP,Round 1,MOA Arena,t,2,1,1,0,0,lay-up,2,6.58333,13.41667,1,2
59,876.103495472894,-218.522417505536,1.33434,Oliver De Guzman,8,PG,UST,UP,Season 80,UAAP,Round 1,MOA Arena,f,2,1,1,0,0,lay-up,2,6.45,13.55,-3,2
60,628.723925293693,-222.576331216303,1.39839,Ibrahim Ouattara,11,C,UP,UST,Season 80,UAAP,Round 1,MOA Arena,t,2,1,0,0,0,post-up,2,6.13333,13.86667,1,2
61,410.373786661261,-485.549529256203,4.72365,Zachary Huang,13,PF,UST,UP,Season 80,UAAP,Round 1,MOA Arena,f,2,0,0,0,0,pull-up,2,5.88333,14.11667,-3,0
62,1352.79196683525,-551.3548748825,7.13136,Paul Desiderio,18,PG,UP,UST,Season 80,UAAP,Round 1,MOA Arena,t,3,0,0,0,0,catch-and-shoot,2,5.28333,14.71667,3,0
63,1297.82718792158,-360.618028900809,5.77851,Noah Webb,25,SF,UP,UST,Season 80,UAAP,Round 1,MOA Arena,t,2,1,1,1,0,catch-and-shoot,2,4.76667,15.23333,3,2
64,1250.09587272206,-438.583651788158,5.6687,Diego Dario,5,PG,UP,UST,Season 80,UAAP,Round 1,MOA Arena,t,2,1,0,1,0,pull-up,2,4.23333,15.76667,5,2
65,1192.72412112804,-823.566779537589,7.9285,Marvin Lee,9,PG,UST,UP,Season 80,UAAP,Round 1,MOA Arena,f,3,0,0,1,0,pull-up,2,3.78333,16.21667,-7,0
66,335.779811471217,-401.346757474065,4.82487,Paul Desiderio,18,PG,UP,UST,Season 80,UAAP,Round 1,MOA Arena,t,2,1,1,0,0,pull-up,2,3.46667,16.53333,7,2
67,1147.68561048406,-167.606069581084,3.92719,Ebenezer Kwamukumey,14,PG,UST,UP,Season 80,UAAP,Round 1,MOA Arena,f,2,0,0,1,0,pull-up,2,3.25,16.75,-9,0
68,1435.54062178567,-433.983771680037,7.32693,Paul Desiderio,18,PG,UP,UST,Season 80,UAAP,Round 1,MOA Arena,t,3,0,0,1,0,catch-and-shoot,2,3.03333,16.96667,9,0
69,896.707003950959,-299.690328530805,1.97236,Jun Manzo,13,PG,UP,UST,Season 80,UAAP,Round 1,MOA Arena,t,2,0,0,0,0,lay-up,2,2.75,17.25,9,0
70,826.133831115024,-193.464247626215,0.77581,Diego Dario,5,PG,UP,UST,Season 80,UAAP,Round 1,MOA Arena,t,2,1,0,1,0,follow-up,2,2.73333,17.26667,9,2
71,439.461030711381,-296.95956834939,3.42993,Marvin Lee,9,PG,UST,UP,Season 80,UAAP,Round 1,MOA Arena,f,2,1,0,0,0,floater,2,2.41667,17.58333,-11,2
72,715.682724885223,-727.153510142942,5.66021,Paul Desiderio,18,PG,UP,UST,Season 80,UAAP,Round 1,MOA Arena,t,2,1,0,0,0,pull-up,2,2.08333,17.91667,9,2
73,856.882307248244,-203.249131713793,1.09729,Steve Akomo,0,C,UST,UP,Season 80,UAAP,Round 1,MOA Arena,f,2,1,0,0,0,lay-up,2,1.83333,18.16667,-11,2
74,999.765059912073,-576.39873720421,4.80856,Ebenezer Kwamukumey,14,PG,UST,UP,Season 80,UAAP,Round 1,MOA Arena,f,2,0,0,0,0,pull-up,2,1.23333,18.76667,-9,0
75,432.78531007737,-336.110299380573,3.66009,Juan Gomez de Liaño,1,SG,UP,UST,Season 80,UAAP,Round 1,MOA Arena,t,2,0,0,0,0,floater,2,0.591667,19.408333,9,0
76,804.531073139598,-102.78967526826,0.7758,Steve Akomo,0,C,UST,UP,Season 80,UAAP,Round 1,MOA Arena,f,2,0,0,0,1,lay-up,2,0.401667,19.598333,-9,0
77,652.096550988561,-211.234501543128,1.1386,Jeepy Faundo,15,C,UST,UP,Season 80,UAAP,Round 1,MOA Arena,f,2,0,0,0,0,follow-up,2,0.353333,19.646667,-9,0
78,67.4762999186289,-190.977672311893,6.88113,Juan Gomez de Liaño,1,SG,UP,UST,Season 80,UAAP,Round 1,MOA Arena,t,3,0,0,1,0,catch-and-shoot,2,0.215,19.785,9,0
79,677.652943041464,-904.765224428304,7.46284,Steve Akomo,0,C,UST,UP,Season 80,UAAP,Round 1,MOA Arena,f,3,0,0,0,0,catch-and-shoot,2,0.0133333,19.9866667,-9,0
83,412.739941084708,-303.190201086307,3.70048,Kyles Lao,4,SG,UP,UST,Season 80,UAAP,Round 1,MOA Arena,t,2,1,0,0,0,pull-up,3,9.7,20.3,8,2
84,884.793224530939,-354.944725250662,2.32123,Jordan Sta. Ana,7,SG,UST,UP,Season 80,UAAP,Round 1,MOA Arena,f,2,1,0,0,0,lay-up,3,9.53333,20.46667,-10,2
85,1281.29400535166,-659.980019710911,7.24204,Kyles Lao,4,SG,UP,UST,Season 80,UAAP,Round 1,MOA Arena,t,3,0,0,0,0,catch-and-shoot,3,9.28333,20.71667,8,0
86,419.079955313533,-849.148184649554,7.64413,Jun Manzo,13,PG,UP,UST,Season 80,UAAP,Round 1,MOA Arena,t,3,0,0,0,0,catch-and-shoot,3,9.06667,20.93333,8,0
87,424.595389646913,-602.600414267871,5.50323,Jun Manzo,13,PG,UP,UST,Season 80,UAAP,Round 1,MOA Arena,t,2,1,1,0,0,floater,3,8.98333,21.01667,8,2
88,650.636913745283,-736.118641797588,5.83035,Justin Arana,16,F,UST,UP,Season 80,UAAP,Round 1,MOA Arena,f,2,0,0,0,0,catch-and-shoot,3,8.7,21.3,-10,0
89,799.727569331158,-610.807589827476,4.50533,Jun Manzo,13,PG,UP,UST,Season 80,UAAP,Round 1,MOA Arena,t,2,0,0,0,0,pull-up,3,8.13333,21.86667,10,0
92,776.627931782626,-184.92899263553,0.311581,Steve Akomo,0,C,UST,UP,Season 80,UAAP,Round 1,MOA Arena,f,2,1,1,0,0,lay-up,3,7.86667,22.13333,-11,2
93,804.875906597787,-272.317009138219,1.20613,Jordan Sta. Ana,7,SG,UST,UP,Season 80,UAAP,Round 1,MOA Arena,f,2,0,0,0,0,lay-up,3,7.55,22.45,-9,0
94,606.010892017217,-311.779820794939,2.10908,Steve Akomo,0,C,UST,UP,Season 80,UAAP,Round 1,MOA Arena,f,2,0,0,0,0,post-up,3,7.43333,22.56667,-9,0
95,864.097344745828,-189.194099147894,1.12316,Jordan Sta. Ana,7,SG,UST,UP,Season 80,UAAP,Round 1,MOA Arena,f,2,1,1,0,0,lay-up,3,7.16667,22.83333,-9,2
96,594.09121768405,-292.87775536625,2.07099,Jerson Prado,20,C,UP,UST,Season 80,UAAP,Round 1,MOA Arena,t,2,0,0,0,1,floater,3,6.68333,23.31667,7,0
97,968.243544959497,-218.823420093381,2.20556,Marvin Lee,9,PG,UST,UP,Season 80,UAAP,Round 1,MOA Arena,f,2,1,1,0,0,lay-up,3,6.61667,23.38333,-7,2
98,222.348599519304,-680.031679467025,7.42669,Marvin Lee,9,PG,UST,UP,Season 80,UAAP,Round 1,MOA Arena,f,3,0,0,0,0,pull-up,3,6.31667,23.68333,-5,0
99,869.241438495255,-183.330142592846,1.16125,Vaughn Soriano,20,C,UST,UP,Season 80,UAAP,Round 1,MOA Arena,f,2,0,0,0,0,follow-up,3,6.26667,23.73333,-5,0
100,1408.20943899238,-429.691126324717,7.05743,Paul Desiderio,18,PG,UP,UST,Season 80,UAAP,Round 1,MOA Arena,t,3,0,0,0,0,catch-and-shoot,3,6.06667,23.93333,5,0
101,927.255750884861,-391.040840400789,2.86187,Paul Desiderio,18,PG,UP,UST,Season 80,UAAP,Round 1,MOA Arena,t,2,0,0,0,0,lay-up,3,5.93333,24.06667,5,0
102,346.933081835652,-287.210070520129,4.26698,Juan Gomez de Liaño,1,SG,UP,UST,Season 80,UAAP,Round 1,MOA Arena,t,2,0,0,0,0,floater,3,5.75,24.25,5,0
105,990.068463001781,-330.499943755641,2.88931,Jun Manzo,13,PG,UP,UST,Season 80,UAAP,Round 1,MOA Arena,t,2,0,0,0,1,floater,3,5.35,24.65,4,0
108,88.3166073474751,-490.860787317295,7.43161,Paul Desiderio,18,PG,UP,UST,Season 80,UAAP,Round 1,MOA Arena,t,3,0,0,0,0,catch-and-shoot,3,5.03333,24.96667,3,0
109,1362.59719411209,-539.932767859814,7.15283,Jarrell Lim,12,PG,UP,UST,Season 80,UAAP,Round 1,MOA Arena,t,3,0,0,0,0,catch-and-shoot,3,4.75,25.25,3,0
110,836.025884134526,-250.295255211066,1.19471,Paolo Romero,19,PF,UP,UST,Season 80,UAAP,Round 1,MOA Arena,t,2,0,0,0,0,lay-up,3,4.65,25.35,3,0
113,670.033166291895,-211.441200630539,0.980541,Steve Akomo,0,C,UST,UP,Season 80,UAAP,Round 1,MOA Arena,f,2,1,1,0,0,dunk,3,4.4,25.6,-5,2
114,243.797185374278,-206.457479037115,5.13089,Diego Dario,5,PG,UP,UST,Season 80,UAAP,Round 1,MOA Arena,t,2,0,0,0,0,pull-up,3,4.13333,25.86667,3,0
115,359.606825636279,-293.155222539968,4.16421,Marvin Lee,9,PG,UST,UP,Season 80,UAAP,Round 1,MOA Arena,f,2,0,0,0,0,pull-up,3,3.83333,26.16667,-3,0
118,685.436444206471,-367.453037279986,2.16437,Diego Dario,5,PG,UP,UST,Season 80,UAAP,Round 1,MOA Arena,t,2,0,0,0,1,floater,3,3.68333,26.31667,2,0
119,747.731626808128,-215.35737404731,0.533548,Jordan Sta. Ana,7,SG,UST,UP,Season 80,UAAP,Round 1,MOA Arena,f,2,0,0,0,0,lay-up,3,3.58333,26.41667,-2,0
120,1061.82302631176,-378.859120301415,3.75435,Paul Desiderio,18,PG,UP,UST,Season 80,UAAP,Round 1,MOA Arena,t,2,0,0,0,0,pull-up,3,3.38333,26.61667,2,0
121,683.311211730975,-231.507266102986,0.995052,Steve Akomo,0,C,UST,UP,Season 80,UAAP,Round 1,MOA Arena,f,2,1,1,0,0,dunk,3,3.16667,26.83333,-2,2
124,966.327759825206,-240.748165950542,2.25349,Vaughn Soriano,20,C,UST,UP,Season 80,UAAP,Round 1,MOA Arena,f,2,1,0,0,0,lay-up,3,2.6,27.4,-1,2
125,519.411372859062,-189.692984924542,2.37153,Christopher Vito,15,PF,UP,UST,Season 80,UAAP,Round 1,MOA Arena,t,2,0,0,0,0,lay-up,3,1.9,28.1,-1,0
126,610.402413911394,-267.088666819332,1.78458,Paolo Romero,19,PF,UP,UST,Season 80,UAAP,Round 1,MOA Arena,t,2,1,0,0,0,follow-up,3,1.88333,28.11667,-1,2
127,1179.80734564101,-336.423432608472,4.59032,Christian Garcia,19,C,UST,UP,Season 80,UAAP,Round 1,MOA Arena,f,2,1,1,0,0,catch-and-shoot,3,1.7,28.3,-1,2
130,710.306164278213,-411.958397983254,2.53431,Jun Manzo,13,PG,UP,UST,Season 80,UAAP,Round 1,MOA Arena,t,2,1,0,0,0,lay-up,3,1.55,28.45,-1,2
131,876.315151774946,-255.250170462994,1.52709,Vaughn Soriano,20,C,UST,UP,Season 80,UAAP,Round 1,MOA Arena,f,2,0,0,0,0,hook-shot,3,1.38333,28.61667,-1,0
134,829.348072111763,-974.013456083978,8.14912,Marvin Lee,9,PG,UST,UP,Season 80,UAAP,Round 1,MOA Arena,f,3,1,1,0,0,catch-and-shoot,3,1.01667,28.98333,0,3
135,1448.3867579154,-121.45882755291,6.946,Javi Gomez de Liaño,6,PF,UP,UST,Season 80,UAAP,Round 1,MOA Arena,t,3,1,1,0,0,catch-and-shoot,3,0.723333,29.276667,-3,3
136,36.7395380736417,-100.91981753662,7.20895,Christopher Vito,15,PF,UP,UST,Season 80,UAAP,Round 1,MOA Arena,t,3,0,0,0,0,catch-and-shoot,3,0.323333,29.676667,0,0
137,1052.04810699106,-568.866244264827,5.0336,Marvin Lee,9,PG,UST,UP,Season 80,UAAP,Round 1,MOA Arena,f,2,0,0,0,0,pull-up,3,0.228333,29.771667,0,0
138,953.649239224421,-626.950314482289,5.05149,Jun Manzo,13,PG,UP,UST,Season 80,UAAP,Round 1,MOA Arena,t,2,0,0,0,0,pull-up,4,9.86667,30.13333,0,0
139,626.092664584511,-204.652510315513,1.35624,Jeepy Faundo,15,C,UST,UP,Season 80,UAAP,Round 1,MOA Arena,f,2,0,0,0,0,lay-up,4,9.48333,30.51667,0,0
140,68.0494168648661,-110.739635150526,6.88898,Paul Desiderio,18,PG,UP,UST,Season 80,UAAP,Round 1,MOA Arena,t,3,0,0,0,0,catch-and-shoot,4,9.33333,30.66667,0,0
141,861.605656777012,-904.875853023465,7.49991,Christopher Vito,15,PF,UP,UST,Season 80,UAAP,Round 1,MOA Arena,t,3,0,0,0,0,catch-and-shoot,4,9.11667,30.88333,0,0
142,991.629698198021,-303.60141336395,2.75505,Paul Desiderio,18,PG,UP,UST,Season 80,UAAP,Round 1,MOA Arena,t,2,0,0,0,0,lay-up,4,8.91667,31.08333,0,0
143,630.115794431188,-152.62967989095,1.25274,Christopher Vito,15,PF,UP,UST,Season 80,UAAP,Round 1,MOA Arena,t,2,1,0,0,0,follow-up,4,8.86667,31.13333,0,2
144,97.1722612860722,-492.607289824992,7.36008,Marvin Lee,9,PG,UST,UP,Season 80,UAAP,Round 1,MOA Arena,f,3,0,0,0,0,catch-and-shoot,4,8.61667,31.38333,-2,0
145,873.674187864448,-212.290939609954,1.28696,Enrique Caunan Jr.,11,F,UST,UP,Season 80,UAAP,Round 1,MOA Arena,f,2,0,0,0,0,lay-up,4,8.43333,31.56667,-2,0
148,678.547501213053,-874.461362878755,7.16054,Paul Desiderio,18,PG,UP,UST,Season 80,UAAP,Round 1,MOA Arena,t,3,0,0,0,0,pull-up,4,8.1,31.9,1,0
149,512.553188835508,-878.147731810836,7.55601,Javi Gomez de Liaño,6,PF,UP,UST,Season 80,UAAP,Round 1,MOA Arena,t,3,0,0,0,0,catch-and-shoot,4,7.86667,32.13333,1,0
154,290.115476000427,-351.74832338808,5.01929,Zachary Huang,13,PF,UST,UP,Season 80,UAAP,Round 1,MOA Arena,f,2,0,0,0,0,pull-up,4,7.21667,32.78333,-2,0
155,314.415075589169,-124.49680307051,4.42221,Jerson Prado,20,C,UP,UST,Season 80,UAAP,Round 1,MOA Arena,t,2,0,0,0,0,catch-and-shoot,4,6.93333,33.06667,2,0
156,873.746270794258,-244.265163151559,1.44174,Paul Desiderio,18,PG,UP,UST,Season 80,UAAP,Round 1,MOA Arena,t,2,0,0,0,0,follow-up,4,6.86667,33.13333,2,0
157,680.013106423299,-194.966985027183,0.817138,Juan Gomez de Liaño,1,SG,UP,UST,Season 80,UAAP,Round 1,MOA Arena,t,2,1,0,0,0,follow-up,4,6.81667,33.18333,2,2
158,836.452433029627,-244.592778857845,1.15645,Vaughn Soriano,20,C,UST,UP,Season 80,UAAP,Round 1,MOA Arena,f,2,0,0,0,0,lay-up,4,6.7,33.3,-4,0
159,1303.35979834012,-622.515895898054,7.15761,Jun Manzo,13,PG,UP,UST,Season 80,UAAP,Round 1,MOA Arena,t,3,0,0,0,0,catch-and-shoot,4,6.61667,33.38333,4,0
160,1072.46534712595,-674.312657387845,6.02276,Jerson Prado,20,C,UP,UST,Season 80,UAAP,Round 1,MOA Arena,t,2,0,0,0,0,catch-and-shoot,4,6.2,33.8,4,0
161,669.249731045848,-371.343137668494,2.25762,Christian Garcia,19,F,UST,UP,Season 80,UAAP,Round 1,MOA Arena,f,2,1,0,0,0,lay-up,4,6.05,33.95,-4,2
163,597.115584620476,-386.31254260969,2.73897,Paul Desiderio,18,PG,UP,UST,Season 80,UAAP,Round 1,MOA Arena,t,2,1,0,0,0,floater,4,5.68333,34.31667,1,2
164,182.687156753873,-137.55936246031,5.72856,Paul Desiderio,18,PG,UP,UST,Season 80,UAAP,Round 1,MOA Arena,t,2,0,0,0,0,pull-up,4,5.48333,34.51667,3,0
167,644.161435769825,-342.288044304116,2.11208,Jordan Sta. Ana,7,SG,UST,UP,Season 80,UAAP,Round 1,MOA Arena,f,2,0,0,0,0,lay-up,4,5.25,34.75,-1,0
168,747.193719988437,-260.622636325788,0.984327,Christian Garcia,19,F,UST,UP,Season 80,UAAP,Round 1,MOA Arena,f,2,0,0,0,0,follow-up,4,5.21667,34.78333,-1,0
171,742.910953108229,-968.749229806751,8.0634,Marvin Lee,9,PG,UST,UP,Season 80,UAAP,Round 1,MOA Arena,f,3,0,0,0,0,catch-and-shoot,4,4.86667,35.13333,-1,0
172,878.155382273367,-192.299018401053,1.26709,Vaughn Soriano,20,C,UST,UP,Season 80,UAAP,Round 1,MOA Arena,f,2,0,0,1,0,lay-up,4,4.7,35.3,-1,2
175,1135.78635746382,-446.225234871909,4.74867,Christian Garcia,19,F,UST,UP,Season 80,UAAP,Round 1,MOA Arena,f,2,0,0,0,0,pull-up,4,4.1,35.9,-2,0
176,734.602182006037,-379.108839458237,2.17567,Juan Gomez de Liaño,1,SG,UP,UST,Season 80,UAAP,Round 1,MOA Arena,t,2,0,0,0,1,lay-up,4,3.98333,36.01667,2,0
177,1190.49246233192,-730.29746237573,7.15575,Jun Manzo,13,PG,UP,UST,Season 80,UAAP,Round 1,MOA Arena,t,3,0,0,0,0,pull-up,4,3.4,36.6,2,0
178,768.481531611368,-273.797825891598,1.12111,Ibrahim Ouattara,11,C,UP,UST,Season 80,UAAP,Round 1,MOA Arena,t,2,1,0,0,0,lay-up,4,3.31667,36.68333,2,2
180,841.56969778695,-390.098908302539,2.43507,Jordan Sta. Ana,7,SG,UST,UP,Season 80,UAAP,Round 1,MOA Arena,f,2,1,0,0,0,floater,4,3.08333,36.91667,-4,2
181,879.328170480411,-344.665181569448,2.20549,Paul Desiderio,18,PG,UP,UST,Season 80,UAAP,Round 1,MOA Arena,t,2,0,0,0,0,lay-up,4,2.68333,37.31667,2,0
182,941.13583354801,-250.67044351712,2.05963,Jordan Sta. Ana,7,SG,UST,UP,Season 80,UAAP,Round 1,MOA Arena,f,2,0,0,0,0,lay-up,4,2.6,37.4,-2,0
183,233.849422418382,-220.752723967146,5.24396,Zachary Huang,13,PF,UST,UP,Season 80,UAAP,Round 1,MOA Arena,f,2,0,0,0,0,catch-and-shoot,4,2.31667,37.68333,-2,0
184,888.265348714748,-208.200920851444,1.40884,Vaughn Soriano,20,C,UST,UP,Season 80,UAAP,Round 1,MOA Arena,f,2,1,1,0,0,lay-up,4,2.2,37.8,-2,2
185,282.477077366756,-509.731102340608,5.86385,Jarrell Lim,12,PG,UP,UST,Season 80,UAAP,Round 1,MOA Arena,t,2,0,0,0,0,pull-up,4,1.73333,38.26667,0,0
188,721.328823448885,-375.247791166368,2.15396,Jun Manzo,13,PG,UP,UST,Season 80,UAAP,Round 1,MOA Arena,t,2,0,0,0,0,lay-up,4,1.23333,38.76667,-2,0
189,830.952165315165,-447.132487773835,2.94592,Vaughn Soriano,20,C,UST,UP,Season 80,UAAP,Round 1,MOA Arena,f,2,0,0,0,0,floater,4,0.923333,39.076667,2,0
192,945.570753653632,-189.659618826444,1.92496,Paul Desiderio,18,PG,UP,UST,Season 80,UAAP,Round 1,MOA Arena,t,2,1,0,0,0,lay-up,4,0.641667,39.358333,-2,2
196,591.109065052419,-174.503933695799,1.6433,Zachary Huang,13,PF,UST,UP,Season 80,UAAP,Round 1,MOA Arena,f,2,0,0,0,0,lay-up,4,0.378333,39.621667,-1,0
199,545.73846363915,-144.811582009221,2.10008,Jun Manzo,13,PG,UP,UST,Season 80,UAAP,Round 1,MOA Arena,t,2,0,0,0,0,lay-up,4,0.223333,39.776667,0,0
202,986.521075301768,-917.729541627081,7.8992,Paul Desiderio,18,PG,UP,UST,Season 80,UAAP,Round 1,MOA Arena,t,3,1,1,0,0,catch-and-shoot,4,0.0516667,39.9483333,-2,3
203,990.917889389042,-1088.16528013934,9.55256,Jeepy Faundo,15,C,UST,UP,Season 80,UAAP,Round 1,MOA Arena,f,3,0,0,0,0,catch-and-shoot,4,0.0233333,39.9766667,-1,0
204,775.216765273767,-717.936887510135,5.55805,Antonio Rafael Asistio,4,SG,ADMU,UP,Season 80,UAAP,Round 1,Smart Araneta Coliseum,t,2,1,0,0,0,pull-up,1,9.49667,0.50333,0,2
205,500.234554581129,-961.308501825458,8.38451,Paul Desiderio,18,PG,UP,ADMU,Season 80,UAAP,Round 1,Smart Araneta Coliseum,f,3,0,0,0,0,catch-and-shoot,1,8.65167,1.34833,-2,0
206,911.301492993051,-345.312922397596,2.40522,Joseph Matthew Nieto,12,PG,ADMU,UP,Season 80,UAAP,Round 1,Smart Araneta Coliseum,t,2,0,0,0,0,floater,1,8.42,1.58,2,0
207,705.966520973593,-190.705058299986,0.565668,Chibueze Ikeh,21,C,ADMU,UP,Season 80,UAAP,Round 1,Smart Araneta Coliseum,t,2,1,0,0,0,follow-up,1,8.33667,1.66333,2,2
209,923.410174931585,-663.490019533803,5.28539,Paul Desiderio,18,PG,UP,ADMU,Season 80,UAAP,Round 1,Smart Araneta Coliseum,f,2,0,0,0,0,pull-up,1,8.01,1.99,-5,0
210,1027.0394436919,-267.794248701024,2.91706,Ferdinand Ravena III,0,SF,ADMU,UP,Season 80,UAAP,Round 1,Smart Araneta Coliseum,t,2,0,0,0,0,pull-up,1,7.87,2.13,5,0
211,972.074863640002,-342.563183086346,2.82036,Jun Manzo,13,PG,UP,ADMU,Season 80,UAAP,Round 1,Smart Araneta Coliseum,f,2,0,0,0,0,lay-up,1,7.74167,2.25833,-5,0
212,894.864355016287,-292.043345079209,1.9064,Javi Gomez de Liaño,6,PF,UP,ADMU,Season 80,UAAP,Round 1,Smart Araneta Coliseum,f,2,1,0,0,0,lay-up,1,7.38167,2.61833,-5,2
213,219.672357557217,-692.550273662203,7.53345,Antonio Rafael Asistio,4,SG,ADMU,UP,Season 80,UAAP,Round 1,Smart Araneta Coliseum,t,3,1,1,1,0,catch-and-shoot,1,7.25333,2.74667,3,3
214,683.605922706571,-880.130954710025,7.21174,Javi Gomez de Liaño,6,PF,UP,ADMU,Season 80,UAAP,Round 1,Smart Araneta Coliseum,f,3,0,0,0,0,catch-and-shoot,1,6.94667,3.05333,-6,0
215,549.192098070947,-424.204571147811,3.32936,Paul Desiderio,18,PG,UP,ADMU,Season 80,UAAP,Round 1,Smart Araneta Coliseum,f,2,1,0,0,0,pull-up,1,6.88833,3.11167,-6,2
216,902.825821243668,-433.101061331138,3.08346,Ferdinand Ravena III,0,SF,ADMU,UP,Season 80,UAAP,Round 1,Smart Araneta Coliseum,t,2,1,0,1,0,floater,1,6.63167,3.36833,4,2
217,287.399761171792,-140.230991830364,4.6813,Ibrahim Ouattara,11,C,UP,ADMU,Season 80,UAAP,Round 1,Smart Araneta Coliseum,f,2,0,0,0,0,catch-and-shoot,1,6.39667,3.60333,-6,0
218,1135.16539101999,-422.285997534019,4.6045,Joseph Matthew Nieto,12,PG,ADMU,UP,Season 80,UAAP,Round 1,Smart Araneta Coliseum,t,2,0,0,0,1,pull-up,1,6.11667,3.88333,6,0
219,465.114585299654,-242.953768926778,3.00843,Paul Desiderio,18,PG,UP,ADMU,Season 80,UAAP,Round 1,Smart Araneta Coliseum,f,2,0,0,0,0,pull-up,1,5.63333,4.36667,-6,0
220,849.032840219324,-294.301075604583,1.61906,Antonio Rafael Asistio,4,SG,ADMU,UP,Season 80,UAAP,Round 1,Smart Araneta Coliseum,t,2,1,0,0,0,lay-up,1,5.45667,4.54333,6,2
221,656.926012590766,-112.086644315046,1.10272,Ibrahim Ouattara,11,C,UP,ADMU,Season 80,UAAP,Round 1,Smart Araneta Coliseum,f,2,1,1,0,0,lay-up,1,5.08333,4.91667,-8,2
222,1092.74121051047,-220.554442100396,3.42694,Ferdinand Ravena III,0,SF,ADMU,UP,Season 80,UAAP,Round 1,Smart Araneta Coliseum,t,2,0,0,0,0,post,1,4.75,5.25,6,0
223,731.844816960665,-235.426123423806,0.765139,Chibueze Ikeh,21,C,ADMU,UP,Season 80,UAAP,Round 1,Smart Araneta Coliseum,t,2,1,0,0,0,follow-up,1,4.70667,5.29333,6,2
225,1247.13520037555,-288.126166333184,5.07916,Jun Manzo,13,PG,UP,ADMU,Season 80,UAAP,Round 1,Smart Araneta Coliseum,f,2,1,1,0,0,pull-up,1,4.17167,5.82833,-8,2
226,1262.91785079947,-727.259259566853,7.59561,Antonio Rafael Asistio,4,SG,ADMU,UP,Season 80,UAAP,Round 1,Smart Araneta Coliseum,t,3,0,0,0,0,catch-and-shoot,1,3.875,6.125,6,0
227,688.628266020547,-118.883992130738,0.794202,Chibueze Ikeh,21,C,ADMU,UP,Season 80,UAAP,Round 1,Smart Araneta Coliseum,t,2,0,0,0,0,follow-up,1,3.81667,6.18333,6,0
228,383.944994519491,-140.239060071865,3.71722,Norman Aaron Black,8,SG,ADMU,UP,Season 80,UAAP,Round 1,Smart Araneta Coliseum,t,2,0,0,0,0,pull-up,1,3.455,6.545,6,0
229,821.753102179515,-193.470793911826,0.735878,Jerson Prado,20,C,UP,ADMU,Season 80,UAAP,Round 1,Smart Araneta Coliseum,f,2,1,0,0,0,lay-up,1,3.31667,6.68333,-6,2
230,1263.65164625668,-558.18208442719,6.44431,Ferdinand Ravena III,0,SF,ADMU,UP,Season 80,UAAP,Round 1,Smart Araneta Coliseum,t,2,0,0,0,0,pull-up,1,3.11667,6.88333,4,0
231,623.956526255077,-862.402333625251,7.12064,Jun Manzo,13,PG,UP,ADMU,Season 80,UAAP,Round 1,Smart Araneta Coliseum,f,3,1,0,1,0,pull-up,1,2.86667,7.13333,-4,3
232,68.847769042097,-135.520680161968,6.86682,Jose Lorenzo Mendoza,10,PG,ADMU,UP,Season 80,UAAP,Round 1,Smart Araneta Coliseum,t,3,0,0,0,0,catch-and-shoot,1,2.56667,7.43333,1,0
235,924.599567370682,-151.047325406522,1.69986,Juan Gomez de Liaño,1,SG,UP,ADMU,Season 80,UAAP,Round 1,Smart Araneta Coliseum,f,2,0,0,0,0,lay-up,1,2.225,7.775,-3,0
238,818.292593686562,-450.971375218102,2.95333,Jarrell Lim,12,PG,UP,ADMU,Season 80,UAAP,Round 1,Smart Araneta Coliseum,f,2,0,0,0,0,floater,1,1.35667,8.64333,-3,0
239,1388.61266019696,-491.11240653386,7.13758,Michael Joseph Nieto,7,SF,ADMU,UP,Season 80,UAAP,Round 1,Smart Araneta Coliseum,t,3,0,0,0,0,catch-and-shoot,1,1.025,8.975,3,0
240,477.904336534448,-794.935253859502,6.90475,Juan Gomez de Liaño,1,SG,UP,ADMU,Season 80,UAAP,Round 1,Smart Araneta Coliseum,f,3,1,1,1,0,catch-and-shoot,1,0.901667,9.098333,-3,3
241,70.4241650547301,-278.128846662295,6.94272,George Isaac Go,11,C,ADMU,UP,Season 80,UAAP,Round 1,Smart Araneta Coliseum,t,3,1,1,0,0,catch-and-shoot,1,0.506667,9.493333,0,3
242,268.873489107661,-812.625107293834,8.11777,Juan Gomez de Liaño,1,SG,UP,ADMU,Season 80,UAAP,Round 1,Smart Araneta Coliseum,f,3,0,0,0,0,catch-and-shoot,1,0.191667,9.808333,-3,0
243,199.653624583493,-603.980534084178,7.09447,Jose Lorenzo Mendoza,10,PG,ADMU,UP,Season 80,UAAP,Round 1,Smart Araneta Coliseum,t,3,1,1,1,0,catch-and-shoot,1,0.0666667,9.9333333,3,3
244,614.913096940471,-526.411269215951,3.89943,Rafael Lorenzo Verano,22,PF,ADMU,UP,Season 80,UAAP,Round 1,Smart Araneta Coliseum,t,2,0,0,0,0,catch-and-shoot,2,9.66667,10.33333,6,0
245,792.736163833098,-90.8049914258594,0.810197,Rafael Lorenzo Verano,22,PF,ADMU,UP,Season 80,UAAP,Round 1,Smart Araneta Coliseum,t,2,0,0,0,0,lay-up,2,9.26667,10.73333,6,0
246,572.668272633333,-423.735010213535,3.18573,Juan Gomez de Liaño,1,SG,UP,ADMU,Season 80,UAAP,Round 1,Smart Araneta Coliseum,f,2,1,0,0,0,lay-up,2,9.145,10.855,-6,2
248,1071.32287016815,-409.281036380349,4.01199,Juan Gomez de Liaño,1,SG,UP,ADMU,Season 80,UAAP,Round 1,Smart Araneta Coliseum,f,2,1,0,0,0,lay-up,2,8.91667,11.08333,-4,2
249,568.761771919226,-220.45981319534,1.95049,Norman Aaron Black,8,SG,ADMU,UP,Season 80,UAAP,Round 1,Smart Araneta Coliseum,t,2,1,0,0,0,lay-up,2,8.63333,11.36667,2,2
250,547.2961954301,-207.048356322202,2.12427,Jerson Prado,20,C,UP,ADMU,Season 80,UAAP,Round 1,Smart Araneta Coliseum,f,2,0,0,0,1,lay-up,2,8.51667,11.48333,-4,0
251,81.1167620638035,-101.308381969205,6.76656,Michael Joseph Nieto,7,SF,ADMU,UP,Season 80,UAAP,Round 1,Smart Araneta Coliseum,t,3,0,0,0,0,catch-and-shoot,2,8.4,11.6,4,0
252,865.233330245093,-156.863723315966,1.10377,Norman Aaron Black,8,SG,ADMU,UP,Season 80,UAAP,Round 1,Smart Araneta Coliseum,t,2,1,0,0,0,follow-up,2,8.33333,11.66667,4,2
253,723.381284175969,-457.955171570471,2.97142,Jarrell Lim,12,PG,UP,ADMU,Season 80,UAAP,Round 1,Smart Araneta Coliseum,f,2,1,0,0,0,pull-up,2,8.03333,11.96667,-6,2
255,1109.13991999167,-720.477702297275,6.60874,Christian Tyler Tio,19,PG,ADMU,UP,Season 80,UAAP,Round 1,Smart Araneta Coliseum,t,2,1,0,0,0,pull-up,2,7.82167,12.17833,3,2
256,722.623364330514,-914.075564774847,7.52273,Juan Gomez de Liaño,1,SG,UP,ADMU,Season 80,UAAP,Round 1,Smart Araneta Coliseum,f,3,0,0,0,0,pull-up,2,7.48333,12.51667,-5,0
257,1133.96422606063,-705.799512590455,6.62411,George Isaac Go,11,C,ADMU,UP,Season 80,UAAP,Round 1,Smart Araneta Coliseum,t,2,0,0,0,0,catch-and-shoot,2,7.06,12.94,5,0
258,429.732707722817,-433.87884547209,4.2361,Jarrell Lim,12,PG,UP,ADMU,Season 80,UAAP,Round 1,Smart Araneta Coliseum,f,2,0,0,0,0,pull-up,2,6.70333,13.29667,-5,0
259,726.630528046122,-654.97110253906,4.93288,Norman Aaron Black,8,SG,ADMU,UP,Season 80,UAAP,Round 1,Smart Araneta Coliseum,t,2,0,0,0,0,pull-up,2,6.41333,13.58667,5,0
262,549.495658479476,-475.280679650384,3.74251,Juan Gomez de Liaño,1,SG,UP,ADMU,Season 80,UAAP,Round 1,Smart Araneta Coliseum,f,2,1,0,0,0,floater,2,6.21667,13.78333,-7,2
263,993.494452475082,-135.244833366471,2.40047,Rafael Lorenzo Verano,22,PF,ADMU,UP,Season 80,UAAP,Round 1,Smart Araneta Coliseum,t,2,0,0,0,1,lay-up,2,6.01667,13.98333,5,0
264,829.364942702315,-226.460860141469,0.980874,George Isaac Go,11,C,ADMU,UP,Season 80,UAAP,Round 1,Smart Araneta Coliseum,t,2,1,0,0,0,follow-up,2,5.97667,14.02333,5,2
266,1050.77914105835,-797.048969233622,7.00098,George Isaac Go,11,C,ADMU,UP,Season 80,UAAP,Round 1,Smart Araneta Coliseum,t,3,0,0,0,0,catch-and-shoot,2,5.70833,14.29167,8,0
267,1128.77570883842,-799.108091811772,7.38226,Michael Joseph Nieto,7,SF,ADMU,UP,Season 80,UAAP,Round 1,Smart Araneta Coliseum,t,3,1,1,1,0,catch-and-shoot,2,5.61,14.39,8,3
268,179.141575808671,-556.44372388194,6.97714,Michael Joseph Nieto,7,SF,ADMU,UP,Season 80,UAAP,Round 1,Smart Araneta Coliseum,t,3,0,0,0,0,catch-and-shoot,2,5.35,14.65,11,0
269,757.259581065318,-364.744594241205,2.02257,Noah Webb,25,SF,UP,ADMU,Season 80,UAAP,Round 1,Smart Araneta Coliseum,f,2,0,0,0,0,floater,2,5.07667,14.92333,-11,0
272,598.67814285948,-354.914426003608,2.47911,Christian Tyler Tio,19,PG,ADMU,UP,Season 80,UAAP,Round 1,Smart Araneta Coliseum,t,2,1,0,0,0,lay-up,2,4.2,15.8,10,2
273,49.5859659473205,-195.401692617218,7.06181,Paul Desiderio,18,PG,UP,ADMU,Season 80,UAAP,Round 1,Smart Araneta Coliseum,f,3,0,0,0,0,catch-and-shoot,2,3.83333,16.16667,-12,0
274,973.510225264226,-470.004037302522,3.77234,Javi Gomez de Liaño,6,PF,UP,ADMU,Season 80,UAAP,Round 1,Smart Araneta Coliseum,f,2,1,0,0,0,lay-up,2,3.62,16.38,-12,2
275,139.172440723437,-484.358130914736,6.94864,Michael Joseph Nieto,7,SF,ADMU,UP,Season 80,UAAP,Round 1,Smart Araneta Coliseum,t,3,0,0,0,0,catch-and-shoot,2,3.21667,16.78333,10,0
276,741.737167713631,-206.844362194981,0.462853,Kristoffer James Porter,14,C,ADMU,UP,Season 80,UAAP,Round 1,Smart Araneta Coliseum,t,2,1,0,0,0,follow-up,2,3.155,16.845,10,2
277,548.726815425487,-854.052506913592,7.2166,Kristoffer James Porter,14,C,ADMU,UP,Season 80,UAAP,Round 1,Smart Araneta Coliseum,t,3,0,0,0,0,catch-and-shoot,2,2.75167,17.24833,10,0
278,1413.88684341028,-351.906104596723,6.8557,Javi Gomez de Liaño,6,PF,UP,ADMU,Season 80,UAAP,Round 1,Smart Araneta Coliseum,f,3,0,0,0,0,catch-and-shoot,2,2.45333,17.54667,-12,0
279,525.070651976879,-363.740341199773,3.05557,Gian Robert Mamuyac,3,SG,ADMU,UP,Season 80,UAAP,Round 1,Smart Araneta Coliseum,t,2,1,0,0,0,floater,2,2.315,17.685,12,2
280,716.096850640151,-253.705059669706,0.991555,Paolo Romero,19,PF,UP,ADMU,Season 80,UAAP,Round 1,Smart Araneta Coliseum,f,2,1,0,0,0,lay-up,2,1.99,18.01,-14,2
282,797.296765692029,-342.350202739361,1.84757,Paul Desiderio,18,PG,UP,ADMU,Season 80,UAAP,Round 1,Smart Araneta Coliseum,f,2,0,0,0,0,lay-up,2,1.72333,18.27667,-11,0
283,1035.20799755514,-222.293744475252,2.86517,Kristoffer James Porter,14,C,ADMU,UP,Season 80,UAAP,Round 1,Smart Araneta Coliseum,t,2,0,0,0,0,post,2,1.565,18.435,11,0
286,306.646046217576,-752.534372934981,7.41055,Paul Desiderio,18,PG,UP,ADMU,Season 80,UAAP,Round 1,Smart Araneta Coliseum,f,3,1,1,0,0,catch-and-shoot,2,1.28,18.72,-13,3
287,1317.80844345847,-643.824202220757,7.40558,Paul Desiderio,18,PG,UP,ADMU,Season 80,UAAP,Round 1,Smart Araneta Coliseum,f,3,0,0,0,0,catch-and-shoot,2,0.846667,19.153333,-10,0
288,390.499757110902,-386.73466588117,4.2795,Juan Gomez de Liaño,1,SG,UP,ADMU,Season 80,UAAP,Round 1,Smart Araneta Coliseum,f,2,1,0,0,0,lay-up,2,0.633333,19.366667,-10,2
289,31.0397426848105,-184.056177733765,7.24281,Kristoffer James Porter,14,C,ADMU,UP,Season 80,UAAP,Round 1,Smart Araneta Coliseum,t,3,0,0,0,0,catch-and-shoot,2,0.5,19.5,8,0
290,668.313064946452,-904.820034713727,7.47364,Rafael Lorenzo Verano,22,PF,ADMU,UP,Season 80,UAAP,Round 1,Smart Araneta Coliseum,t,3,0,0,0,0,pull-up,2,0.345,19.655,8,0
291,683.297893129128,-746.720081836744,5.88604,Jun Manzo,13,PG,UP,ADMU,Season 80,UAAP,Round 1,Smart Araneta Coliseum,f,2,0,0,0,0,pull-up,2,0.085,19.915,-8,0
292,214.630133295223,-122.711447147702,5.41833,Paul Desiderio,18,PG,UP,ADMU,Season 80,UAAP,Round 1,Smart Araneta Coliseum,f,2,0,0,0,0,catch-and-shoot,2,0.0283333,19.9716667,-8,0
293,152.881097954924,-553.468611383932,7.17916,Antonio Rafael Asistio,4,SG,ADMU,UP,Season 80,UAAP,Round 1,Smart Araneta Coliseum,t,3,0,0,0,0,catch-and-shoot,3,9.54833,20.45167,8,0
294,745.90004683615,-290.969250166617,1.28791,Manuel Vicente Tolentino,5,PF,ADMU,UP,Season 80,UAAP,Round 1,Smart Araneta Coliseum,t,2,0,0,0,0,follow-up,3,9.49333,20.50667,8,0
295,732.377139980104,-401.302403273174,2.39872,Juan Gomez de Liaño,1,SG,UP,ADMU,Season 80,UAAP,Round 1,Smart Araneta Coliseum,f,2,0,0,0,0,follow-up,3,9.34833,20.65167,-8,0
296,718.949580454034,-868.115585972779,7.06536,Chibueze Ikeh,21,C,ADMU,UP,Season 80,UAAP,Round 1,Smart Araneta Coliseum,t,3,0,0,0,0,catch-and-shoot,3,9.19667,20.80333,8,0
297,222.552929382311,-614.331995277698,6.98321,Paul Desiderio,18,PG,UP,ADMU,Season 80,UAAP,Round 1,Smart Araneta Coliseum,f,3,0,0,0,0,pull-up,3,8.90333,21.09667,-8,0
300,710.728172189503,-106.085337019913,0.71712,Paul Desiderio,18,PG,UP,ADMU,Season 80,UAAP,Round 1,Smart Araneta Coliseum,f,2,1,0,0,0,lay-up,3,8.12,21.88,-9,2
301,789.19733817515,-216.105010895767,0.635842,Chibueze Ikeh,21,C,ADMU,UP,Season 80,UAAP,Round 1,Smart Araneta Coliseum,t,2,0,0,0,0,lay-up,3,7.715,22.285,7,0
304,1113.15457276034,-675.53542854087,6.25684,Jun Manzo,13,PG,UP,ADMU,Season 80,UAAP,Round 1,Smart Araneta Coliseum,f,2,1,0,0,0,pull-up,3,6.78333,23.21667,-9,2
305,580.0659799948,-308.761752859893,2.28023,Joseph Matthew Nieto,12,PG,ADMU,UP,Season 80,UAAP,Round 1,Smart Araneta Coliseum,t,2,0,0,0,0,lay-up,3,6.38333,23.61667,7,0
306,911.050287141369,-373.822610634207,2.62696,Paul Desiderio,18,PG,UP,ADMU,Season 80,UAAP,Round 1,Smart Araneta Coliseum,f,2,0,0,0,0,lay-up,3,6.18333,23.81667,-7,0
307,637.81113625181,-116.397769769095,1.25931,Paul Desiderio,18,PG,UP,ADMU,Season 80,UAAP,Round 1,Smart Araneta Coliseum,f,2,0,0,0,0,follow-up,3,6.15,23.85,-7,0
310,94.4213197638023,-363.325111690674,6.90431,Paul Desiderio,18,PG,UP,ADMU,Season 80,UAAP,Round 1,Smart Araneta Coliseum,f,3,0,0,0,0,catch-and-shoot,3,5.96667,24.03333,-9,0
311,660.459090625318,-389.333126682425,2.45746,Juan Gomez de Liaño,1,SG,UP,ADMU,Season 80,UAAP,Round 1,Smart Araneta Coliseum,f,2,0,0,0,0,follow-up,3,5.9,24.1,-9,0
316,746.960397543518,-103.378586880691,0.596655,George Isaac Go,11,C,ADMU,UP,Season 80,UAAP,Round 1,Smart Araneta Coliseum,t,2,0,0,0,0,lay-up,3,4.96667,25.03333,10,0
317,737.367984801462,-329.96901671415,1.68395,Ferdinand Ravena III,0,SF,ADMU,UP,Season 80,UAAP,Round 1,Smart Araneta Coliseum,t,2,1,0,0,0,lay-up,3,4.76667,25.23333,10,2
320,107.857320465344,-569.010007063996,7.64228,Paul Desiderio,18,PG,UP,ADMU,Season 80,UAAP,Round 1,Smart Araneta Coliseum,f,3,0,0,0,1,catch-and-shoot,3,4.4,25.6,-11,0
321,787.080105339619,-269.21847056105,1.11436,Jerson Prado,20,C,UP,ADMU,Season 80,UAAP,Round 1,Smart Araneta Coliseum,f,2,0,0,0,1,lay-up,3,4.35,25.65,-11,0
322,960.461786567035,-558.034620210668,4.45715,Jerson Prado,20,C,UP,ADMU,Season 80,UAAP,Round 1,Smart Araneta Coliseum,f,2,0,0,0,0,catch-and-shoot,3,3.81667,26.18333,-11,0
323,949.488214766896,-196.041726374723,1.97359,Norman Aaron Black,8,SG,ADMU,UP,Season 80,UAAP,Round 1,Smart Araneta Coliseum,t,2,0,0,0,0,floater,3,3.58333,26.41667,11,0
324,657.280790362985,-309.859271119409,1.76816,Jarrell Lim,12,PG,UP,ADMU,Season 80,UAAP,Round 1,Smart Araneta Coliseum,f,2,1,0,0,0,lay-up,3,3.33333,26.66667,-11,2
325,79.6598708595464,-299.24103535187,6.89045,Norman Aaron Black,8,SG,ADMU,UP,Season 80,UAAP,Round 1,Smart Araneta Coliseum,t,3,1,1,1,0,catch-and-shoot,3,3.05,26.95,9,3
326,836.248041092153,-670.818077101053,5.1477,Jarrell Lim,12,PG,UP,ADMU,Season 80,UAAP,Round 1,Smart Araneta Coliseum,f,2,0,0,0,0,pull-up,3,2.68333,27.31667,-12,0
331,1439.70693148906,-223.374630480705,6.87408,Michael Joseph Nieto,7,SF,ADMU,UP,Season 80,UAAP,Round 1,Smart Araneta Coliseum,t,3,0,0,0,0,catch-and-shoot,3,1.88333,28.11667,12,0
334,79.8302294886864,-116.933089311697,6.76706,Michael Joseph Nieto,7,SF,ADMU,UP,Season 80,UAAP,Round 1,Smart Araneta Coliseum,t,2,1,1,1,0,catch-and-shoot,3,1.53333,28.46667,10,2
335,670.154936879063,-80.6964714376964,1.17858,Norman Aaron Black,8,PG,ADMU,UP,Season 80,UAAP,Round 1,Smart Araneta Coliseum,t,2,0,0,0,0,lay-up,3,0.92,29.08,10,0
336,865.932093058284,-385.65781824786,2.49209,Jarrell Lim,12,PG,UP,ADMU,Season 80,UAAP,Round 1,Smart Araneta Coliseum,f,2,1,0,0,0,floater,3,0.765,29.235,-12,2
337,41.335237093619,-178.275639720313,7.13839,Rafael Lorenzo Verano,22,PF,ADMU,UP,Season 80,UAAP,Round 1,Smart Araneta Coliseum,t,3,1,1,1,0,catch-and-shoot,3,0.356667,29.643333,10,3
338,788.397301137405,-356.544203535478,1.96897,Paul Desiderio,18,PG,UP,ADMU,Season 80,UAAP,Round 1,Smart Araneta Coliseum,f,2,1,0,0,0,lay-up,3,0.0633333,29.9366667,-13,2
339,581.609158139823,-747.584597040964,6.10236,Christian Tyler Tio,19,PG,ADMU,UP,Season 80,UAAP,Round 1,Smart Araneta Coliseum,t,2,1,0,0,0,pull-up,4,9.88333,30.11667,11,2
340,500.62677975291,-354.782762746606,3.1887,Jarrell Lim,12,PG,UP,ADMU,Season 80,UAAP,Round 1,Smart Araneta Coliseum,f,2,0,0,0,0,pull-up,4,9.51667,30.48333,-13,0
341,826.002826320634,-344.309092090848,1.95182,Norman Aaron Black,8,SG,ADMU,UP,Season 80,UAAP,Round 1,Smart Araneta Coliseum,t,2,0,0,0,1,lay-up,4,9.35,30.65,13,0
342,566.817858427214,-835.984958531925,6.99281,Christian Tyler Tio,19,PG,ADMU,UP,Season 80,UAAP,Round 1,Smart Araneta Coliseum,t,3,1,1,0,0,catch-and-shoot,4,9.28333,30.71667,13,3
343,582.20865480355,-314.199168552259,2.29934,Paul Desiderio,18,PG,UP,ADMU,Season 80,UAAP,Round 1,Smart Araneta Coliseum,f,2,0,0,0,0,floater,4,8.86667,31.13333,-16,0
344,370.590794202329,-739.252254105762,6.93119,Christian Tyler Tio,19,PG,ADMU,UP,Season 80,UAAP,Round 1,Smart Araneta Coliseum,t,3,1,0,0,0,pull-up,4,8.66667,31.33333,16,3
345,67.9584610462111,-170.770894265922,6.87091,Noah Webb,25,SF,UP,ADMU,Season 80,UAAP,Round 1,Smart Araneta Coliseum,f,3,1,1,0,0,catch-and-shoot,4,8.43333,31.56667,-19,3
346,682.231037869954,-810.04673187583,6.51623,Christian Tyler Tio,19,PG,ADMU,UP,Season 80,UAAP,Round 1,Smart Araneta Coliseum,t,2,1,0,0,0,pull-up,4,8.11667,31.88333,-16,2
347,863.907902381768,-355.960133263032,2.22008,Ibrahim Ouattara,11,C,UP,ADMU,Season 80,UAAP,Round 1,Smart Araneta Coliseum,f,2,0,0,0,0,pull-up,4,7.81667,32.18333,-18,0
348,846.459193664496,-189.4595275593,0.953499,Chibueze Ikeh,21,C,ADMU,UP,Season 80,UAAP,Round 1,Smart Araneta Coliseum,t,2,1,1,0,0,lay-up,4,7.51667,32.48333,18,2
350,717.123883757023,-589.217240673697,4.28395,Kyles Lao,4,SG,UP,ADMU,Season 80,UAAP,Round 1,Smart Araneta Coliseum,f,2,0,0,0,0,pull-up,4,7.34833,32.65167,-20,0
351,538.001946548309,-763.464549619066,6.38942,Michael Joseph Nieto,7,SF,ADMU,UP,Season 80,UAAP,Round 1,Smart Araneta Coliseum,t,2,0,0,0,0,pull-up,4,7.13333,32.86667,20,0
352,988.99509290492,-150.92593744839,2.34281,Kyles Lao,4,SG,UP,ADMU,Season 80,UAAP,Round 1,Smart Araneta Coliseum,f,2,0,0,0,0,lay-up,4,6.98333,33.01667,-20,0
353,670.511493470279,-490.444930905729,3.38653,Ibrahim Ouattara,11,C,UP,ADMU,Season 80,UAAP,Round 1,Smart Araneta Coliseum,f,2,0,0,0,0,pull-up,4,6.86667,33.13333,-20,0
354,397.658008656687,-485.159702086569,4.81459,Joseph Matthew Nieto,12,PG,ADMU,UP,Season 80,UAAP,Round 1,Smart Araneta Coliseum,t,2,0,0,0,0,pull-up,4,6.65,33.35,20,0
357,210.15536157229,-103.505136467838,5.48029,Norman Aaron Black,8,SG,ADMU,UP,Season 80,UAAP,Round 1,Smart Araneta Coliseum,t,2,0,0,0,0,catch-and-shoot,4,6.11667,33.88333,21,0
360,634.313902555657,-201.453748884451,1.26817,Rafael Lorenzo Verano,22,PF,ADMU,UP,Season 80,UAAP,Round 1,Smart Araneta Coliseum,t,2,1,0,0,0,follow-up,4,6.06667,33.93333,21,2
361,36.2657157361028,-320.218510220944,7.35836,Joseph Matthew Nieto,12,PG,ADMU,UP,Season 80,UAAP,Round 1,Smart Araneta Coliseum,t,3,1,1,1,0,catch-and-shoot,4,5.16667,34.83333,21,3
362,171.972665747142,-281.286163873257,5.95005,Juan Gomez de Liaño,1,SG,UP,ADMU,Season 80,UAAP,Round 1,Smart Araneta Coliseum,f,2,0,0,0,0,pull-up,4,4.83333,35.16667,-24,0
363,923.093805181191,-180.657692097267,1.69072,Jun Manzo,13,PG,UP,ADMU,Season 80,UAAP,Round 1,Smart Araneta Coliseum,f,2,1,0,0,0,lay-up,4,4.555,35.445,-24,2
365,797.746222418018,-333.18368200272,1.75955,Juan Gomez de Liaño,1,SG,UP,ADMU,Season 80,UAAP,Round 1,Smart Araneta Coliseum,f,2,0,0,0,1,lay-up,4,4.36667,35.63333,-21,0
366,895.479732551538,-859.921135688519,7.11429,Christopher Vito,15,PF,UP,ADMU,Season 80,UAAP,Round 1,Smart Araneta Coliseum,f,3,0,0,0,0,catch-and-shoot,4,4.31667,35.68333,-21,0
367,693.471080682961,-184.122797441224,0.652177,Juan Gomez de Liaño,1,SG,UP,ADMU,Season 80,UAAP,Round 1,Smart Araneta Coliseum,f,2,1,0,0,0,follow-up,4,4.25833,35.74167,-21,2
369,1433.28073963644,-191.293709411463,6.78892,Joseph Matthew Nieto,12,PG,ADMU,UP,Season 80,UAAP,Round 1,Smart Araneta Coliseum,t,3,0,0,0,0,catch-and-shoot,4,3.96667,36.03333,18,0
370,893.733629326933,-178.505475129334,1.39654,Ferdinand Ravena III,0,SF,ADMU,UP,Season 80,UAAP,Round 1,Smart Araneta Coliseum,t,2,1,0,0,0,follow-up,4,3.89833,36.10167,18,2
374,1010.16809969244,-826.721475613862,7.11548,Juan Gomez de Liaño,1,SG,UP,ADMU,Season 80,UAAP,Round 1,Smart Araneta Coliseum,f,3,0,0,0,0,pull-up,4,3.6,36.4,-21,0
377,395.379901234904,-277.756293840643,3.77638,Joseph Matthew Nieto,12,PG,ADMU,UP,Season 80,UAAP,Round 1,Smart Araneta Coliseum,t,2,1,0,0,0,pull-up,4,3.36667,36.63333,22,2
378,1415.13845003594,-384.899215490037,6.96595,Jarrell Lim,12,PG,UP,ADMU,Season 80,UAAP,Round 1,Smart Araneta Coliseum,f,3,1,1,0,0,catch-and-shoot,4,3.23333,36.76667,-24,3
379,816.512895292462,-234.601194345319,0.947756,Ferdinand Ravena III,0,SF,ADMU,UP,Season 80,UAAP,Round 1,Smart Araneta Coliseum,t,2,1,0,0,0,lay-up,4,2.78333,37.21667,21,2
380,561.579756517542,-180.442860865495,1.94251,Paul Desiderio,18,PG,UP,ADMU,Season 80,UAAP,Round 1,Smart Araneta Coliseum,f,2,0,0,0,1,post,4,2.6,37.4,-23,0
381,98.6931609577548,-245.839853381606,6.61577,Juan Gomez de Liaño,1,SG,UP,ADMU,Season 80,UAAP,Round 1,Smart Araneta Coliseum,f,2,1,0,0,0,pull-up,4,2.11667,37.88333,-23,2
384,915.468557550098,-699.12359764763,5.60103,Jarrell Lim,12,PG,UP,ADMU,Season 80,UAAP,Round 1,Smart Araneta Coliseum,f,2,0,0,0,0,pull-up,4,1.48333,38.51667,-23,0
387,1433.34544448247,-348.429918240076,7.03365,Gian Robert Mamuyac,3,SG,ADMU,UP,Season 80,UAAP,Round 1,Smart Araneta Coliseum,t,3,0,0,0,0,catch-and-shoot,4,1.26667,38.73333,21,0
388,1432.78379883962,-97.7722949350242,6.80867,Bryan Jayson Andrade,2,SG,ADMU,UP,Season 80,UAAP,Round 1,Smart Araneta Coliseum,t,3,0,0,1,0,catch-and-shoot,4,0.766667,39.233333,21,0
391,669.766403975914,-136.610839468509,0.890787,Kristoffer James Porter,14,C,ADMU,UP,Season 80,UAAP,Round 1,Smart Araneta Coliseum,t,2,1,1,0,0,lay-up,4,0.556667,39.443333,19,2
392,724.912968475608,-217.293804541728,0.625107,Jerson Prado,20,C,UP,ADMU,Season 80,UAAP,Round 1,Smart Araneta Coliseum,f,2,0,0,0,0,lay-up,4,0.308333,39.691667,-21,0
393,920.566012176257,-160.423908633844,1.65579,Paul Desiderio,18,PG,UP,ADMU,Season 80,UAAP,Round 1,Smart Araneta Coliseum,f,2,0,0,0,1,lay-up,4,0.36,39.64,-21,0
